﻿<?xml version="1.0" encoding="utf-8"?>
<Root Type="Scene">
  <ActionList>
    <Action ClassName="PlayMusic" Name="PlayMusic"/>
	<Action ClassName="TMoveTo" Name="MoveTo"/>
	<Action ClassName="TMoveBy" Name="MoveBy"/>
	<Action ClassName="TRotateTo" Name="RotateTo"/>
	<Action ClassName="TRotateBy" Name="RotateBy"/>
	<Action ClassName="TScaleTo" Name="ScaleTo"/>
	<Action ClassName="TScaleBy" Name="ScaleBy"/>
	<Action ClassName="TSkewTo" Name="SkewTo"/>
	<Action ClassName="TSkewBy" Name="SkewBy"/>
	<Action ClassName="TriggerState" Name="TriggerState"/>
	<Action ClassName="ArmaturePlayAction" Name="ArmaturePlayAction"/>
  </ActionList>
</Root>

