﻿<?xml version="1.0" encoding="utf-8"?>
<Root Type="Scene">
  <EventList>
    <Event ClassName="EnterScene" Name="SceneOnEnter"/>
    <Event ClassName="LeaveScene" Name="SceneOnExit"/>
    <Event ClassName="InitScene"  Name="SceneInit"/>
	<Event ClassName="UpdateScene"  Name="SceneUpdate"/>
	<Event ClassName="TouchBegan"  Name="TouchBegan"/>
	<Event ClassName="TouchMoved"  Name="TouchMoved"/>
	<Event ClassName="TouchEnded"  Name="TouchEnded"/>
	<Event ClassName="TouchCancelled"  Name="TouchCancelled"/>
  </EventList>
</Root>

