﻿<?xml version="1.0" standalone="yes" ?>
<Root>
  <Item Type="IntegerUpDown" Name="Node Tag" Key = "Tag" Default="10000" />
  <Item Type="TextBox" Name="ComName"  Key = "componentName" Default="CCArmature" />
  <Item Type="TextBox" Name="AniName"  Key = "AnimationName" Default="run" />
  <Item Type="ComboBox" Name="ActionState" Key = "ActionType" Default="0">
    <Childes>
      <Child Name="START" ID="0"/>
      <Child Name="COMPLETE" ID="1"/>
	  <Child Name="LOOP_COMPLETE" ID="2"/>
    </Childes>
  </Item>
</Root>
