﻿<?xml version="1.0" standalone="yes" ?>
<Root>
  <Item Type="IntegerUpDown" Name="Node Tag" Key = "Tag" Default="10000" />
  <Item Type="DoubleUpDown" Name="SKewX" Key = "SKewX" Default="1.0"/>
  <Item Type="DoubleUpDown" Name="SKewY" Key = "SKewY" Default="1.0"/>
  <Item Type="DoubleUpDown" Name="Duration" Key = "Duration" Default="1.0"/>
  <Item Type="ComboBox" Name="IsReverse" Key = "IsReverse" Default="1">
    <Childes>
      <Child Name="Yes" ID="1"/>
      <Child Name="No" ID="0"/>
    </Childes>
  </Item>
</Root>
